-- 1. 부서 (Department)
INSERT INTO Department (department_id, name)
VALUES
    ('1', '총무'),
    ('2', '기획'),
    ('3', '영업'),
    ('4', '인사');
    
-- 9. 직원 (Employee)
INSERT INTO Employee (employee_id, name, birth, tel, email, address, start_date, created_at, updated_at)
VALUES
    (1, '한국진', '2020-01-01', '010-1111-2222', 'kj1@gmail.com', '강남역', '2020-01-01', '2020-01-01 12:34:56', NULL),
    (2, '곽우진', '2020-01-02', '010-2222-3333', 'uj2@gmail.com', '역삼역', '2020-01-02', '2020-01-02 12:34:56', NULL),
    (3, '정여진', '2020-01-03', '010-1111-4444', 'yj3@gmail.com', '논현역', '2020-01-03', '2020-01-03 12:34:56', NULL),
    (4, '김여지', '2020-01-04', '010-1111-4544', 'yj4@gmail.com', '논현역', '2020-01-03', '2020-01-03 12:34:56', NULL);


-- 2. 스토어 (Store)
INSERT INTO Store (store_id, name, location, updated_at, created_at, store_number, store_type, operation_start_date, operation_end_date, opening_time, closing_time, postal_code, store_status, monthly_revenue, manager_id)
VALUES
    (1, '명동 지점', '서울특별시 중구 남대문로2가 9-1', '2022-01-01 09:00:00', '2022-01-01 09:00:00', '010-1234-5678', 'ST0101', '2022-01-01 09:00:00', NULL, '11:00', '18:00', '4534', 'ST0201', 1000000000, 1),
    (2, '여의도 지점', '서울특별시 영등포구 여의도동 23 IFC몰 L1', '2022-01-01 09:00:00', '2022-01-01 09:00:00', '010-1234-5679', 'ST0101', '2022-01-01 09:00:00', NULL, '11:00', '18:00', '7326', 'ST0201', 1200000000, 2),
    (3, '가로수길 지점', '서울특별시 강남구 신사동 534-18', '2025-03-10 09:00:00', '2023-01-01 09:00:00', '010-1234-5680', 'ST0101', '2023-01-01 09:00:00', NULL, '11:00', '18:00', '6028', 'ST0205', 3000000, 3),
    (4, '잠실 지점', '서울특별시 송파구 신천동 29 롯데월드몰 1층', '2024-01-01 09:00:00', '2024-01-01 09:00:00', '010-1234-5681', 'ST0101', '2024-01-01 09:00:00', NULL, '11:00', '18:00', '5551', 'ST0201', 900000000, 4);

-- 3. 회원 (User)
INSERT INTO User (user_id, email, password, create_date, updated_at, is_active)
VALUES
    (1, 'kj@gmail.com', 'dummy', '2025-01-01 12:34:56', NULL, TRUE),
    (2, 'uj@gmail.com', 'dummy', '2025-01-02 12:34:56', NULL, TRUE),
    (3, 'yj@gmail.com', 'dummy', '2025-01-03 12:11:11', NULL, TRUE),
    (4, 'hg@gmail.com', 'dummy', '2025-01-01 12:34:56', NULL, FALSE),
    (5, 'sh@gmail.com', 'dummy', '2025-01-01 12:34:56', NULL, FALSE);

-- 4. 비회원 (Guest)
INSERT INTO Guest (guest_id, order_id, name, address, tel, created_at, updated_at)
VALUES
    (1, 0, '세션값1', '서울특별시 강남구 역삼동 826-21', '010-2222-3333', '2025-01-01 12:34:56', NULL),
    (2, 0, '세션값2', NULL, NULL, '2025-01-01 12:34:56', NULL);

-- 5. 회원 정보 (UserInfo)
INSERT INTO UserInfo (user_info, name, birth, tel, created_at, updated_at, user_id, user_role, user_status)
VALUES
    (1, '한국진', '1899-12-30', '010-1111-2222', '2025-01-01 12:34:56', NULL, 1, 'ME0101', 'ME0401'),
    (2, '곽우진', '1899-12-30', '010-2222-3333', '2025-01-02 12:34:56', NULL, 2, 'ME0102', 'ME0202'),
    (3, '정여진', '1899-12-30', '010-4444-5555', '2025-01-03 12:11:11', NULL, 3, 'ME0101', 'ME0203'),
    (4, '임한규', '1899-12-30', '010-6666-7777', '2025-01-01 12:34:56', NULL, 4, 'ME0102', 'ME0401'),
    (5, '윤승현', '1899-12-30', '010-8888-4444', '2025-01-01 12:34:56', NULL, 5, 'ME0101', 'ME0202');

-- 6. 로그인이력 (LoginHistory)
INSERT INTO LoginHistory (loginhistory_id, user_id, login_time, ip_address, device_info, login_status)
VALUES
    (1, 1, '2025-01-01 12:34:56', '191.168.1.1', 'window11', 'LO0101'),
    (2, 1, '2025-01-02 12:34:56', '191.168.1.1', 'window11', 'LO0101'),
    (3, 2, '2025-01-03 12:11:11', '191.168.1.10', 'window11', 'LO0101');

-- 7. 회원 프로필 변경이력 (UserProfileHistory)
INSERT INTO UserProfileHistory (profilehistory_id, user_id, field_changed, previous_value, new_value, changed_by, changed_at)
VALUES
    (1, 1, '이메일', 'kj@google.com', 'hkj@google.com', 1, '2025-01-01 12:34:56'),
    (2, 1, '이메일', 'hkj@google.com', 'kj@google.com', 1, '2025-01-02 12:34:56'),
    (3, 2, '연락처', '010-2222-3333', '010-4233-1235', 1, '2025-01-03 12:11:11');

-- 8. 상품 카테고리 (Category)
INSERT INTO Category (category_id, name, path,description, created_at, updated_at, parent_id, visibility_status)
VALUES
    (1, '핸드폰', 'finephone', '최신 파인폰 지금 경험하세요.', '2023-01-02 09:00:00', '2023-01-02 09:00:00', NULL, 'PR0201'),
    (2, '핸드폰 프로', 'finephone', NULL, '2023-01-03 09:00:00', '2023-01-03 09:00:00', 1, 'PR0201'),
    (3, '핸드폰 일반', 'finephone', NULL, '2023-01-04 09:00:00', '2023-01-04 09:00:00', 1, 'PR0201'),
    (4, '핸드폰 미니', 'finephone', NULL, '2023-01-05 09:00:00', '2023-01-05 09:00:00', 1, 'PR0201'),

    (5, '노트북', 'finemac', '당신에게 맞는 Book을 찾아보세요.', '2023-01-06 09:00:00', '2023-01-06 09:00:00', NULL, 'PR0201'),
    (6, '노트북 프로', 'finemac', NULL, '2023-01-07 09:00:00', '2023-01-07 09:00:00', 5, 'PR0201'),
    (7, '노트북 에어', 'finemac', NULL, '2023-01-09 09:00:00', '2023-01-09 09:00:00', 5, 'PR0201'),

    (8, '태블릿', 'finepad', '모든 작업을 위한 파인패드 라인업을 만나보세요.', '2023-01-10 09:00:00', '2023-01-10 09:00:00', NULL, 'PR0201'),
    (9, '태블릿 프로', 'finepad', NULL, '2023-01-11 09:00:00', '2023-01-11 09:00:00', 8, 'PR0201'),
    (10, '태블릿 에어', 'finepad', NULL, '2023-01-11 09:00:00', '2023-01-11 09:00:00', 8, 'PR0201'),
    (11, '태블릿 일반', 'finepad', NULL, '2023-01-12 09:00:00', '2023-01-12 09:00:00', 8, 'PR0201'),
    (12, '태블릿 미니', 'finepad', NULL, '2023-01-13 09:00:00', '2023-01-13 09:00:00', 8, 'PR0201'),

    (13, '워치', 'finewatch', '당신의 라이프스타일에 맞는 Watch를 찾아보세요.', '2023-01-14 09:00:00', '2023-01-14 09:00:00', NULL, 'PR0201'),
    (14, '워치 울트라', 'finewatch', NULL, '2023-01-15 09:00:00', '2023-01-15 09:00:00', 13, 'PR0201'),
    (15, '워치 일반', 'finewatch', NULL, '2023-01-16 09:00:00', '2023-01-16 09:00:00', 13, 'PR0201'),
    (16, '워치 SE', 'finewatch', NULL, '2023-01-17 09:00:00', '2023-01-17 09:00:00', 13, 'PR0203'),

    (17, '이어폰', 'finepods', '최신 무선 이어폰을 경험하세요.', '2023-01-18 09:00:00', '2023-01-18 09:00:00', NULL, 'PR0201'),
    (18, '에어팟 프로', 'finepods', NULL, '2023-01-18 09:00:00', '2023-01-18 09:00:00', 17, 'PR0201'),
    (19, '에어팟 오픈', 'finepods', NULL, '2023-01-18 09:00:00', '2023-01-18 09:00:00', 17, 'PR0201'),
    (20, '에어팟 멕스', 'finepods', NULL, '2023-01-18 09:00:00', '2023-01-18 09:00:00', 17, 'PR0201'),

    (21, '데스크탑', 'desktop', '고성능 데스크탑을 확인해보세요.', '2023-01-18 09:00:00', '2023-01-18 09:00:00', NULL, 'PR0201'),
    (22, '디스플레이', 'display', '선명한 디스플레이를 경험하세요.', '2023-01-18 09:00:00', '2023-01-18 09:00:00', NULL, 'PR0201');

-- 10. 직원 정보 (EmployeeInfo)
INSERT INTO EmployeeInfo (emp_info, employee_id, department_id, title, salary, vacation_count, required_training, created_at, updated_at, store_id, employee_status)
VALUES
    (1, 1, '1', '직원', 1000, 50, TRUE, '2020-01-01 12:34:56', '2025-03-13 12:34:56', 1, 'ME0401'),
    (2, 2, '2', '직원', 300, 33, TRUE, '2020-01-02 12:34:56', NULL, 2, 'ME0401'),
    (3, 3, '3', '직원', 500, 27, FALSE, '2020-01-03 12:34:56', NULL, 3, 'ME0401');

-- 11. 쿠폰 (Coupon)
INSERT INTO Coupon (coupon_id, coupon_code, coupon_name, discount_amount, min_order_amount, start_date, end_date, is_active, created_at, updated_at, use_valid)
VALUES
    (1, 'CPN001', '쿠폰1', 5000, 20000, '2025-04-01 00:00:00', '2025-04-30 23:59:59', TRUE, '2025-03-20 10:00:00', '2025-03-20 10:00:00', 7),
    (2, 'CPN002', '쿠폰2', 1000, 10000, '2025-04-05 00:00:00', '2025-05-05 23:59:59', TRUE, '2025-03-20 11:00:00', '2025-03-20 13:00:00', 30),
    (3, 'CPN003', '쿠폰3', 2000, 15000, '2025-04-10 00:00:00', '2025-04-25 23:59:59', FALSE, '2025-03-20 12:00:00', '2025-03-20 15:00:00', 30),
    (4, 'CPN004', '쿠폰4', 3000, 30000, '2025-04-01 00:00:00', '2025-04-15 23:59:59', TRUE, '2025-03-20 13:00:00', '2025-03-20 16:00:00', 3),
    (5, 'CPN005', '쿠폰5', 1500, 12000, '2025-04-07 00:00:00', '2025-04-28 23:59:59', TRUE, '2025-03-20 14:00:00', '2025-03-20 14:00:00', 5);


-- 12. 회원쿠폰함 (UserCoupon)
INSERT INTO UserCoupon (user_coupon_id, coupon_id, user_id, is_used, created_at, used_at, end_at)
VALUES
    (1, 1, 1, TRUE, '2025-03-21 10:00:00', '2025-03-21 19:00:00', '2025-03-23 13:00:00'),
    (2, 2, 2, TRUE, '2025-03-21 11:00:00', '2025-03-21 18:00:00', '2025-03-29 13:00:00'),
    (3, 3, 3, FALSE, '2025-03-21 12:00:00', '2025-03-21 17:00:00', '2025-03-23 13:00:00'),
    (4, 4, 4, TRUE, '2025-03-21 13:00:00', '2025-03-21 16:00:00', '2025-03-26 16:00:00'),
    (5, 5, 5, FALSE, '2025-03-21 14:00:00', '2025-03-21 20:00:00', '2025-03-23 13:00:00');

-- 13. 상품 (Product)
INSERT INTO Product
(product_id, name, price, created_at, updated_at, category_id, is_active, sale_status, target_release_date, actual_release_date, sale_start_date, sale_stop_date, sale_restart_date, sale_end_date)
VALUES
    (1, '파인폰 26 Pro', 1800000, '2024-01-01 09:00:00', '2024-01-05 10:00:00', 2, TRUE, 'PR0104', '2024-01-10 12:00:00', '2024-01-12 12:00:00', '2024-01-12 12:00:00', '2024-01-15 12:00:00', NULL, '2024-01-15 12:00:00'),
    (2, '파인폰 26', 1350000, '2024-01-01 09:00:00', '2024-01-05 10:00:00', 3, TRUE, 'PR0104', '2024-01-15 12:00:00', '2024-01-17 12:00:00', '2024-01-17 12:00:00', '2024-01-20 12:00:00', NULL, '2024-01-20 12:00:00'),
    (3, '파인폰 25', 1250000, '2024-01-01 09:00:00', '2024-01-05 10:00:00', 3, TRUE, 'PR0104', '2024-01-15 12:00:00', '2024-01-17 12:00:00', '2024-01-17 12:00:00', '2024-01-20 12:00:00', NULL, '2024-01-20 12:00:00'),
    (4, '파인폰 24 미니', 990000, '2024-01-01 09:00:00', '2024-01-05 10:00:00', 4, TRUE, 'PR0104', '2024-01-15 12:00:00', '2024-01-17 12:00:00', '2024-01-17 12:00:00', '2024-01-20 12:00:00', NULL, '2024-01-20 12:00:00'),
    (5, '파인북 프로', 2200000, '2024-02-01 09:00:00', '2024-02-15 12:00:00', 6, TRUE, 'PR0104', '2024-02-10 12:00:00', '2024-02-10 12:00:00', '2024-02-10 12:00:00', '2024-02-15 12:00:00', NULL, NULL),
    (6, '파인북 에어', 1800000, '2024-02-01 09:00:00', '2024-02-15 12:00:00', 7, TRUE, 'PR0104', '2024-02-10 12:00:00', '2024-02-10 12:00:00', '2024-02-10 12:00:00', '2024-02-15 12:00:00', NULL, NULL),
    (7, '파인패드 일반', 1500000, '2024-02-02 09:00:00', '2024-03-30 12:00:00', 11, TRUE, 'PR0104', '2024-03-25 12:00:00', '2024-03-25 12:00:00', '2024-03-25 12:00:00', '2024-03-30 12:00:00', NULL, '2024-03-30 12:00:00'),
    (8, '파인패드 미니', 800000, '2025-02-01 09:00:00', '2025-02-01 09:00:00', 12, TRUE, 'PR0104', '2025-01-15 12:00:00', '2025-01-16 00:00:00', '2025-01-01 00:00:00', NULL, NULL, NULL),
    (9, '파인패드 프로', 2100000, '2025-02-01 09:00:00', '2025-02-01 09:00:00', 9, TRUE, 'PR0104', '2025-01-15 12:00:00', '2025-01-16 00:00:00', '2025-01-01 00:00:00', NULL, NULL, NULL),
    (10, '파인패드 에어', 14000000, '2025-02-01 09:00:00', '2025-02-01 09:00:00', 10, TRUE, 'PR0104', '2025-01-15 12:00:00', '2025-01-16 00:00:00', '2025-01-01 00:00:00', NULL, NULL, NULL),
    (11, '파인워치 시리즈 10', 750000, '2024-02-03 09:00:00', '2024-04-12 12:00:00', 15, TRUE, 'PR0104', '2024-04-10 12:00:00', '2024-04-12 12:00:00', '2024-04-12 12:00:00', NULL, NULL, NULL),
    (12, '파인워치 시리즈 9', 500000, '2024-02-05 09:00:00', '2024-02-05 09:00:00', 15, TRUE, 'PR0104', '2025-02-05 00:00:00', '2025-02-05 00:00:00', '2025-02-05 00:00:00', NULL, NULL, NULL),
    (13, '파인워치 울트라', 950000, '2024-02-06 09:00:00', '2024-04-12 12:00:00', 14, TRUE, 'PR0104', '2025-12-02 00:00:00', NULL, NULL, NULL, NULL, NULL),
    (14, '파인워치 SE', 400000, '2024-02-07 09:00:00', '2024-04-12 12:00:00', 16, TRUE, 'PR0104', '2025-12-03 00:00:00', NULL, NULL, NULL, NULL, NULL),
    (15, '파인팟 오픈', 1650000, '2024-02-08 09:00:00', '2024-02-08 09:00:00', 19, TRUE, 'PR0104', '2025-12-12 00:00:00', NULL, NULL, NULL, NULL, NULL),
    (16, '파인팟 프로', 350000, '2024-02-08 09:00:00', '2024-02-08 09:00:00', 18, TRUE, 'PR0104', '2025-12-12 00:00:00', NULL, NULL, NULL, NULL, NULL),
    (17, '파인팟 맥스', 650000, '2024-02-08 09:00:00', '2024-02-08 09:00:00',    20, TRUE, 'PR0104', '2025-12-12 00:00:00', NULL, NULL, NULL, NULL, NULL),
    (18, '파인디스플레이 XDR', 5120000, '2024-02-08 09:00:00', '2024-02-08 09:00:00', 22, TRUE, 'PR0104', '2025-12-12 00:00:00', NULL, NULL, NULL, NULL, NULL),
    (19, '파인디스플레이 일반', 2120000, '2024-02-08 09:00:00', '2024-02-08 09:00:00', 22, TRUE, 'PR0104', '2025-12-12 00:00:00', NULL, NULL, NULL, NULL, NULL),
    (20, '아이파인', 150000, '2024-02-08 09:00:00', '2024-02-08 09:00:00', 21, TRUE, 'PR0104', '2025-12-12 00:00:00', NULL, NULL, NULL, NULL, NULL),
    (21, '파인 스튜디오', 3290000, '2024-02-08 09:00:00', '2024-02-08 09:00:00', 21, TRUE, 'PR0104', '2025-12-12 00:00:00', NULL, NULL, NULL, NULL, NULL),
    (22, '파인 미니', 650000, '2024-02-08 09:00:00', '2024-02-08 09:00:00', 21, TRUE, 'PR0104', '2025-12-12 00:00:00', NULL, NULL, NULL, NULL, NULL);
-- 14. 상품 이미지 (Product_Image)
INSERT INTO Product_Image (image_url, created_id, updated_id, product_id, alt_text, product_main)
VALUES
    ( '/images/FinePhone/Pro/FinePhone-pro1.jpeg', '2024-01-05 10:00:00', '2024-01-05 10:00:00', 1, '상품1에 대한 이미지', TRUE),
    ( '/images/FinePhone/Pro/FinePhone-pro2.png', '2024-01-05 10:00:00', '2024-01-05 10:00:00', 1, '상품1에 대한 이미지', FALSE),
    ( '/images/FinePhone/Pro/FinePhone-pro3.png', '2024-01-05 10:00:00', '2024-01-05 10:00:00', 1, '상품1에 대한 이미지', FALSE),
    ( '/images/FinePhone/Pro/FinePhone-pro4.png', '2024-01-05 10:00:00', '2024-01-05 10:00:00', 1, '상품1에 대한 이미지', FALSE),
    ( '/images/FinePhone/Base/FinePhone-base2.jpg', '2024-01-05 10:00:00', '2024-01-05 10:00:00', 2, '상품2에 대한 이미지', TRUE),
    ( '/images/FinePhone/Base/FinePhone-base4.webp', '2024-01-05 10:00:00', '2024-01-05 10:00:00', 2, '상품2에 대한 이미지', FALSE),
    ( '/images/FinePhone/Base/FinePhone-base1.jpg', '2024-01-05 10:00:00', '2024-01-05 10:00:00', 3, '상품3에 대한 이미지', TRUE),
    ( '//images/FinePhone/Base/FinePhone-base3.jpg', '2024-02-15 12:00:00', '2024-02-15 12:00:00', 3, '상품3에 대한 이미지', FALSE),
    ( '/images/FinePhone/Mini/FinePhone-mini1.png', '2024-03-30 12:00:00', '2024-03-30 12:00:00', 4, '상품4에 대한 이미지', TRUE),
    ( '/images/FinePhone/Mini/FinePhone-mini2.png', '2024-04-12 12:00:00', '2024-04-12 12:00:00', 4, '상품4에 대한 이미지', FALSE),
    ( '/images/FinePhone/Mini/FinePhone-mini3.png', '2025-10-16 12:00:00', '2025-10-16 12:00:00', 4, '상품4에 대한 이미지', FALSE),
    ( '/images/FinePhone/Mini/FinePhone-mini4.jpg', '2024-04-12 12:00:00', '2024-04-12 12:00:00', 4, '상품4에 대한 이미지', FALSE),
    ( '/images/FineBook/Pro/FineBook-Pro1.png', '2024-04-12 12:00:00', '2024-04-12 12:00:00', 5, '상품5에 대한 이미지', TRUE),
    ( '/images/FineBook/Pro/FineBook-Pro2.png', '2024-04-12 12:00:00', '2024-04-12 12:00:00', 5, '상품5에 대한 이미지', FALSE),
    ( '/images/FineBook/Pro/FineBook-Pro3.png', '2024-04-12 12:00:00', '2024-04-12 12:00:00', 5, '상품5에 대한 이미지', FALSE),
    ( '/images/FineBook/Pro/FineBook-Pro4.png', '2024-04-12 12:00:00', '2024-04-12 12:00:00', 5, '상품5에 대한 이미지', FALSE),
    ( '/images/FineBook/Air/FineBook-Air1.jpeg', '2024-04-12 12:00:00', '2024-04-12 12:00:00', 6, '상품6에 대한 이미지', TRUE),
    ( '/images/FineBook/Air/FineBook-Air2.jpeg', '2024-04-12 12:00:00', '2024-04-12 12:00:00', 6, '상품6에 대한 이미지', FALSE),
    ( '/images/FinePad/Base/FinePad-1.jpeg', '2024-04-12 12:00:00', '2024-04-12 12:00:00', 7, '상품7에 대한 이미지', TRUE),
    ( '/images/FinePad/Base/FinePad-2.jpg', '2024-04-12 12:00:00', '2024-04-12 12:00:00', 7, '상품7에 대한 이미지', FALSE),
    ( '/images/FinePad/Mini/FineMini-1.jpg', '2024-04-12 12:00:00', '2024-04-12 12:00:00', 8, '상품8에 대한 이미지', TRUE),
    ( '/images/FinePad/Pro/FinePad-Pro1.png', '2024-04-12 12:00:00', '2024-04-12 12:00:00', 9, '상품9에 대한 이미지', TRUE),
    ( '/images/FinePad/Pro/FinePad-Pro2.png', '2024-04-12 12:00:00', '2024-04-12 12:00:00', 9, '상품10에 대한 이미지', TRUE),
    ( '/images/FinePad/Air/FinePad-Air1.png', '2024-04-12 12:00:00', '2024-04-12 12:00:00', 10, '상품10에 대한 이미지', FALSE),
    ( '/images/FinePad/Air/FinePad-Air2.png', '2024-04-12 12:00:00', '2024-04-12 12:00:00', 10, '상품10에 대한 이미지', FALSE),
    ( '/images/FineWatch/Base/FineWatch-Base1.png', '2024-04-12 12:00:00', '2024-04-12 12:00:00', 11, '상품11에 대한 이미지', TRUE),
    ( '/images/FineWatch/Base/FineWatch-Base2.png', '2024-04-12 12:00:00', '2024-04-12 12:00:00', 11, '상품11에 대한 이미지', FALSE),
    ( '/images/FineWatch/Base/FineWatch-Base3.png', '2024-04-12 12:00:00', '2024-04-12 12:00:00', 12, '상품12에 대한 이미지', TRUE),
    ('/images/FineWatch/Base/FineWatch-Base4.jpg', '2024-04-12 12:00:00', '2024-04-12 12:00:00', 12, '상품12에 대한 이미지', FALSE),
    ( '/images/FineWatch/Ultra/FineWatch-ultra1.jpg', '2024-04-12 12:00:00', '2024-04-12 12:00:00', 13, '상품13에 대한 이미지', TRUE),
    ( '/images/FineWatch/Ultra/FineWatch-ultra2.jpg', '2024-04-12 12:00:00', '2024-04-12 12:00:00', 13, '상품13에 대한 이미지', FALSE),
    ( '/images/FineWatch/SE/FineWatch-se1.png', '2024-04-12 12:00:00', '2024-04-12 12:00:00', 14, '상품14에 대한 이미지', TRUE),
    ( '/images/FineWatch/SE/FineWatch-se2.jpg', '2024-04-12 12:00:00', '2024-04-12 12:00:00', 14, '상품14에 대한 이미지', FALSE),
    ( '/images/FinePods/Open/FinePods-open1.jpeg', '2024-04-12 12:00:00', '2024-04-12 12:00:00', 15, '상품15에 대한 이미지', TRUE),
    ( '/images/FinePods/Open/FinePods-open2-deleteBack.png', '2024-04-12 12:00:00', '2024-04-12 12:00:00', 15, '상품15에 대한 이미지', FALSE),
    ( '/images/FinePods/Open/FinePods-open3.jpeg', '2024-04-12 12:00:00', '2024-04-12 12:00:00', 15, '상품15에 대한 이미지', FALSE),
    ( '/images/FinePods/Pro/FinePods-Pro1.png', '2024-04-12 12:00:00', '2024-04-12 12:00:00', 16, '상품16에 대한 이미지', TRUE),
    ( '/images/FinePods/Pro/FinePods-Pro2.jpeg', '2024-04-12 12:00:00', '2024-04-12 12:00:00', 16, '상품16에 대한 이미지', FALSE),
    ( '/images/FinePods/Max/FinePods-Max1.jpeg', '2024-04-12 12:00:00', '2024-04-12 12:00:00', 17, '상품17에 대한 이미지', TRUE),
    ( '/images/FinePods/Max/FinePods-Max2.png', '2024-04-12 12:00:00', '2024-04-12 12:00:00', 17, '상품17에 대한 이미지', FALSE),
    ( '/images/display/XDR/FineDisplay-xdr1.jpg', '2024-04-12 12:00:00', '2024-04-12 12:00:00', 18, '상품18에 대한 이미지', TRUE),
    ( '/images/display/XDR/FineDisplay-xdr2.webp', '2024-04-12 12:00:00', '2024-04-12 12:00:00', 18, '상품18에 대한 이미지', FALSE),
    ( '/images/display/XDR/FineDisplay-xdr3.webp', '2024-04-12 12:00:00', '2024-04-12 12:00:00', 18, '상품18에 대한 이미지', FALSE),
    ( '/images/display/Base/FineDisplay-base1.jpg', '2024-04-12 12:00:00', '2024-04-12 12:00:00', 19, '상품19에 대한 이미지', TRUE),
    ( '/images/display/Base/FineDisplay-base2.webp', '2024-04-12 12:00:00', '2024-04-12 12:00:00', 19, '상품19에 대한 이미지', FALSE),
    ( '/images/Desktop/iFine-blue1.jpeg', '2024-04-12 12:00:00', '2024-04-12 12:00:00', 20, '상품20에 대한 이미지', TRUE),
    ( '/images/Desktop/iFine-blue1-deleteback.png', '2024-04-12 12:00:00', '2024-04-12 12:00:00', 20, '상품20에 대한 이미지', FALSE),
    ( '/images/Desktop/FineStudio-1.jpeg', '2024-04-12 12:00:00', '2024-04-12 12:00:00', 21, '상품21에 대한 이미지', TRUE),
    ( '/images/Desktop/FineMini-1.jpeg', '2024-04-12 12:00:00', '2024-04-12 12:00:00', 22, '상품22에 대한 이미지', TRUE);


-- 15. 상품 옵션 (ProductOption)
INSERT INTO ProductOption (option_id, product_id, option_name, option_value, additional_price)
VALUES
    (1, 3, '13인치', 'Default', 50000),
    (2, 4, '15인치', 'Default', 50000),
    (3, 3, '16GB', 'Default', 50000),
    (4, 3, '32GB', 'Default', 50000),
    (5, 1, '128GB', 'Default', 50000),
    (6, 1, '256GB', 'Default', 50000),
    (7, 4, '11 인치', 'Default', 50000),
    (8, 4, '13인치', 'Default', 50000),
    (9, 4, '256GB', 'Default', 50000),
    (10, 4, '512GB', 'Default', 50000);

-- 16. 장바구니 (Cart)
INSERT INTO Cart (cart_id, created_at, updated_at, user_id, guest_id)
VALUES
    (1, '2025-01-01 12:34:56', '2025-01-01 12:34:56',  NULL, NULL),
    (2, '2025-01-02 12:34:56', '2025-01-02 12:34:56', 1, NULL),
    (3, '2025-01-03 12:11:11', '2025-01-03 12:11:11', NULL, 1);


-- 17. 배송지 (Address)
INSERT INTO Address (delivery_id, name, tel, country, city, region, post_num, road_num, address, is_default, created_at, updated_at, user_info, guest_id, delivery_status)
VALUES
    (1, '한국진', '123-1111-1111', '한국', '서울특별시', '강남구', '12345', '서울시 강남구 테헤란로 123', '101호', TRUE, '2025-01-01 12:34:56', '2025-01-15 12:34:56', 1, NULL, 'SH0101'),
    (2, '곽우진', '123-1111-1112', '한국', '서울특별시', '종로구', '23456', '서울시 종로구 세종대로 456', '202호', TRUE, '2025-01-02 12:34:56', '2025-01-15 12:34:56', 2, NULL, 'SH0101'),
    (3, '정여진', '123-1111-1113', '일본', '경기도', '수원시', '34567', '경기도 수원시 팔달구 장안로 789', '303호', FALSE, '2025-01-03 12:11:11', '2025-01-15 12:34:56', 3, NULL, 'SH0101'),
    (4, '임한규', '123-1111-1114', '일본', '강원도', '강릉시', '45678', '강원도 강릉시 경포로 101', '404호', FALSE, '2025-01-01 12:34:56', '2025-01-15 12:34:56', NULL, 1, 'SH0101'),
    (5, '윤승현', '123-1111-1115', '미국', '부산특별시', '해운대구', '56789', '부산시 해운대구 센텀중앙로 202', '505호', TRUE, '2025-01-01 12:34:56', '2025-01-15 12:34:56', NULL, 2, 'SH0101');